{
	"class_name" : "PinholeCameraParameters",
	"extrinsic" : 
	[
		1.0,
		-0.0,
		-0.0,
		0.0,
		0.0,
		-1.0,
		-0.0,
		0.0,
		0.0,
		-0.0,
		-1.0,
		0.0,
		-0.0,
		0.52666458149999995,
		4.8497422611928567,
		1.0
	],
	"intrinsic" : 
	{
		"height" : 960,
		"intrinsic_matrix" : 
		[
			831.38438763306112,
			0.0,
			0.0,
			0.0,
			831.38438763306112,
			0.0,
			959.5,
			479.5,
			1.0
		],
		"width" : 1920
	},
	"version_major" : 1,
	"version_minor" : 0
}